pid,pfirst,plast,phno,email,address,dob,dept
1,Aaron,Jackson,9848032980,aa@gmail.com,"110,20th st",05/20/1976,CS
2,Jalen,Douglas,9848732980,ja@gmail.com,"120,21st st",08/23/1980,CS
3,Mike,Evans,9666642980,mi@gmail.com,"130,22nd st",09/10/1992,CE
4,Chris,Junior,8096442980,ch@gmail.com,"140,23rd st",07/18/1985,CE
5,Scottie,Languish,7884556213,sc@gmail.com,"150,24th st",06/05/1990,MOT
6,Kylie,Jenner,6567363042,ky@gmail.com,"160,25th st",05/08/1992,MOT
7,Kendall,Scott,4877566254,ke@gmail.com,"170,26th st",10/10/1956,Cybersecurity
8,Kris,Matthew,9988754682,kr@gmail.com,"180,27th st",12/11/1970,Cybersecurity
9,Scarlett,Johansonn,4788568923,sj@gmail.com,"190,28th st",03/08/1980,CS
10,Margot,Robbie,9874832986,mr@gmail.com,"200,29th st",03/10/1981,CS
12,Emma,Watson,9664455887,ew@gmail.com,"210,30th st",04/11/1980,CS
13,Harry,Potter,8774566821,hp@gmail.com,"220,31st st",05/12/1982,Cybersecurity
14,Devin,White,7789478956,dw@gmail.com,"230,32nd st",07/25/1980,Cybersecurity
15,Amy,Santiago,3544699852,as@gmail.com,"240,33rd st",06/07/1981,Cybersecurity
16,Rosa,Diaz,9004578812,rd@gmail.com,"250,34th st",11/08/1987,CE
17,Claire,Dunphy,9877520065,cd@gmail.com,"260,35th st",02/05/1980,CE
18,Haley,Marshall,4587466584,hm@gmail.com,"270,36th st",04/17/1978,MOT
19,Shannon,Sharpe,2103544789,ss@gmail.com,"280,37th st",09/12/1979,MOT
20,Justin,Jefferson,6645899752,jj@gmail.com,"290,38th st",10/10/1978,MOT
21,Nathalie,Emmanuel,5466599852,ne@gmail.com,"300,39th st",11/14/1980,CS
22,Pedro ,Pascal,9877544621,pp@gmail.com,"310,40th st",05/26/1981,CS
23,Jack,Gleesom,9848032541,jg@gmail.com,"320,41st st",07/24/1980,CS
24,Sean,Benn,8096455213,sb@gmail.com,"330,42nd st",09/20/1982,MOT
25,Joseph ,Quinn,9664466445,jq@gmail.com,"340,43rd st",12/29/1979,MOT
26,Tom,Hooper,7558462315,th@gmail.com,"350,44th st",10/30/1980,CE
27,AIden,Gillen,9845766213,ag@gmail.com,"360,45th st",01/10/1978,CE
28,Ian,Glen,9848755623,ig@gmail.com,"370,46th st",04/15/1980,CE
29,Carice ,Houten,2005466879,ch@gmail.com,"380,47th st",06/11/1983,Cybersecurity
30,John,Bradley,8774325664,jb@gmail.com,"390,48th st",09/10/1985,Cybersecurity